name,x0,y0,x1,y1,mae,rmse,ssim,foreground_iou,edge_iou
Encoder self-attention heatmap,561,540,911,755,30.853750228881836,60.683018307739935,0.4615260224099501,0.34329759525107517,0.04503392967304133
Decoder attention heatmaps,931,550,1461,780,29.95246696472168,62.763281400732225,0.5338589306037028,0.3231530978880028,0.04056517775752051
Decoder stack,1036,70,1296,500,27.42387580871582,52.161852792234576,0.46939866818919623,0.3728760091197178,0.03742802303262956
Encoder memory,864,283,990,453,27.211795806884766,51.12465139703888,0.36817559129205046,0.2129007968877455,0.042333785617367704
Encoder stack,601,100,841,495,26.138160705566406,54.14207474610204,0.4248743244426565,0.4718527189528573,0.043388567245624544
Embedding and positional encoding,311,20,561,575,20.834842681884766,53.238378555060024,0.6083414545364426,0.10788107285775705,0.056002074150894476
Output probabilities and target tokens,1346,105,1656,560,18.372596740722656,47.804503007692695,0.6063404839690113,0.2887328920402346,0.034106999938435016
Source sentence tokens,11,20,286,410,14.500864028930664,43.33632129246855,0.6774554729270928,0.24085597732144093,0.051429814069805374
